<?xml version="1.0" encoding="utf-8"?>
<extension type="module" version="2.5.0" method="upgrade">
	<name>JK Member</name>
	<author>PHPKungfu! Project</author>
    <creationDate>March 2018</creationDate>
    <copyright>Copyright (C) PHPKungfu. All rights reserved</copyright>
    <license>http://www.gnu.org/licenseses/gpl-2.0.html GNU/GPL or later</license>
    <authorEmail>info@phpkungfu.club</authorEmail>
    <authorUrl>www.phpkungfu.club</authorUrl>
    <version>1.0.0</version>
	<description>JK Member</description>
	<files>
		<filename module="mod_jkmember">mod_jkmember.php</filename>
		<filename>index.html</filename>
		<folder>tmpl</folder>
                <folder>fields</folder>
                <folder>assets</folder>
	</files>
	<config>
		<fields name="params" addfieldpath="/modules/mod_jkmember/fields">
	
			<fieldset name="basic">
                                <field name="catid_man" type="jcategory" label="Select Category" description="Select Category" />
                                <field name="catid_woman" type="jcategory" label="Select Category" description="Select Category" />
			</fieldset>
                        <fieldset name="man" label="Profile Man">
				<field name="man_image" type="media"  class="inputbox" label="Image"  description="Image" />
                                <field name="man_name" type="text"  class="inputbox" label="Name"  description="Name" />
                                
			</fieldset>
                        <fieldset name="woman" label="Profile Woman">
				<field name="woman_image" type="media"  class="inputbox" label="Image"  description="Image" />
                                <field name="woman_name" type="text"  class="inputbox" label="Name"  description="Name" />
                                
			</fieldset>
                        
                        <fieldset name="advanced">
				<field
					name="layout"
					type="modulelayout"
					label="JFIELD_ALT_LAYOUT_LABEL"
					description="JFIELD_ALT_MODULE_LAYOUT_DESC"
				/>

				<field
					name="moduleclass_sfx"
					type="textarea"
					label="COM_MODULES_FIELD_MODULECLASS_SFX_LABEL"
					description="COM_MODULES_FIELD_MODULECLASS_SFX_DESC"
					rows="3"
				/>

				<field
					name="cache"
					type="list"
					label="COM_MODULES_FIELD_CACHING_LABEL"
					description="COM_MODULES_FIELD_CACHING_DESC"
					default="1"
					>
					<option value="1">JGLOBAL_USE_GLOBAL</option>
					<option value="0">COM_MODULES_FIELD_VALUE_NOCACHING</option>
				</field>

				<field
					name="cache_time"
					type="number"
					label="COM_MODULES_FIELD_CACHE_TIME_LABEL"
					description="COM_MODULES_FIELD_CACHE_TIME_DESC"
					default="900"
				/>

				<field
					name="cachemode"
					type="hidden"
					default="static"
					>
					<option value="static"></option>
				</field>
			</fieldset>
		</fields>

	</config>
</extension>
