<?xml version="1.0" encoding="utf-8"?>
<install type="module" client="administrator" method="upgrade" version="1.5" position="icon">
    <name>K2 Quick Icons (admin)</name>
    <author>JoomlaWorks</author>
    <creationDate>August 18th, 2017</creationDate>
    <copyright>Copyright (c) 2006 - 2017 JoomlaWorks Ltd. All rights reserved.</copyright>
    <authorEmail>please-use-the-contact-form@joomlaworks.net</authorEmail>
    <authorUrl>www.joomlaworks.net</authorUrl>
    <version>2.8.0</version>
    <description>K2_QUICKICONS_FOR_USE_IN_THE_JOOMLA_CONTROL_PANEL_DASHBOARD_PAGE</description>
    <files>
        <filename module="mod_k2_quickicons">mod_k2_quickicons.php</filename>
        <folder>tmpl</folder>
    </files>
    <params>
        <param name="moduleclass_sfx" type="text" default="" label="K2_MODULE_CLASS_SUFFIX" description="K2_MODULE_CLASS_SUFFIX_DESCRIPTION"/>
        <param name="modCSSStyling" type="list" default="1" label="K2_MODULE_DEFAULT_CSS" description="">
            <option value="1">K2_ENABLED</option>
            <option value="0">K2_DISABLED</option>
        </param>
        <param name="modLogo" type="list" default="1" label="K2_MODULE_LOGO" description="">
            <option value="1">K2_SHOW</option>
            <option value="0">K2_HIDE</option>
        </param>
    </params>
    <params group="advanced">
        <param name="cache" type="list" default="0" label="K2_CACHING" description="K2_SELECT_WHETHER_TO_CACHE_THE_CONTENT_OF_THIS_MODULE">
            <option value="0">K2_NO_CACHING</option>
            <option value="1">K2_USE_GLOBAL</option>
        </param>
        <param name="cache_time" type="text" default="900" label="K2_CACHE_TIME" description="K2_THE_TIME_IN_SECONDS_BEFORE_THE_MODULE_IS_RECACHED"/>
    </params>
</install>
