<?xml version="1.0" encoding="utf-8"?>
<extension type="module" version="2.5.0" client="site" method="upgrade">
	<name>JV Latest News</name>
    <author>JoomlaVi! Project</author>
    <creationDate>Feb 2013</creationDate>
    <copyright>Copyright (C) JoomlaVi. All rights reserved</copyright>
    <license>http://www.gnu.org/licenseses/gpl-2.0.html GNU/GPL or later</license>
    <authorEmail>info@joomlavi.com</authorEmail>
    <authorUrl>www.joomlavi.com</authorUrl>
    <version>1.0.0</version>
	<description>JV Latest News for joomla 2.5 and joomla 3.0</description>
	<files>
		<filename module="mod_jvlatest_news">mod_jvlatest_news.php</filename>
		<folder>tmpl</folder>
        <folder>classes</folder>
        <folder>fields</folder>
		<folder>helpers</folder>
		<filename>index.html</filename>
		<filename>mod_jvlatest_news.xml</filename>
	</files>
	<languages>
		<language tag="en-GB">language/en-GB.mod_jvlatest_news.ini</language>
		<language tag="en-GB">language/en-GB.mod_jvlatest_news.sys.ini</language>
	</languages>
	<config>
		<fields name="params">
			<fieldset name="categories" label="Module Parameters"> 
                <field
                    name="moduleclass_sfx"
                    type="text"
                    label="COM_MODULES_FIELD_MODULECLASS_SFX_LABEL"
                    description="COM_MODULES_FIELD_MODULECLASS_SFX_DESC" />
					
                <field
                    addfieldpath="/modules/mod_jvlatest_news/fields"
                    name="template" 
                    type="modulelayout2"
                    label="JFIELD_ALT_LAYOUT_LABEL"
                    description="JFIELD_ALT_MODULE_LAYOUT_DESC" /> 
               
			<field default="Description Module" type="spacer"/>      
			   <field
                        name="description"
                        type="textarea"
                        filter="safehtml"
                        cols="30"
                        rows="5"
                        label="Description"
                        description="Description" />
		
                <field
                    addfieldpath="/modules/mod_jvlatest_news/fields"
                        name="source"
                        type="source"
                        default="content"
                        label="MOD_JVLATEST_NEWS_FIELD_SOURCE_LABEL" >
                        <option value="content">Content Articles</option>
                        <option value="k2content">K2 Items</option>
                </field>
               
 
			   
                <field default="Content Categories" type="spacer"/>    
                <field
                    addfieldpath="/modules/mod_jvlatest_news/fields"
                        name="catid"
                        type="c2category"
                        multiple="true"
                        size="10"
                        default=""
                        label="JCATEGORY"
                        description="MOD_JVLATEST_NEWS_FIELD_CATEGORY_DESC" >
                </field>
                <field default="K2 Categories" type="spacer"/>
                <field
                        addfieldpath="/modules/mod_jvlatest_news/fields"
                        name="k2catid"
                        type="k2categories"
                        multiple="true"
                        default=""
                        label="JCATEGORY"
                        description="MOD_JVLATEST_NEWS_FIELD_CATEGORY_DESC" >
                </field>
                
                <field
                    name="group_cat"
                    type="radio"
                    default="0"
                    class="btn-group"
                    label="Group content by each Category"
                    description="Group content by each Category" >
                    <option value="0">No</option>
                    <option value="1">Yes</option>
                </field>
                
                
                <field default="Intro Setting" type="spacer"/>   				
               <field
                    name="css_bootstrap"
                    type="radio"
                    class="btn-group"
                    default="0"
                    label="CSS Bootstrap"
                    description="CSS Bootstrap" >
                    <option value="0">JNO</option>
                    <option value="1">JYES</option>
            </field>
			
			
							
  
                <field
                    name="num_intro"
                    type="text"
                    class="btn-group"
                    default="5"
                    label="MOD_JVLATEST_NEWS_FIELD_NUM_LABEL"
                    description="MOD_JVLATEST_NEWS_FIELD_NUM_DESC" />


                <field
                        name="nums_link"
                        type="text"
                        default="3"
                        label="MOD_JVLATEST_NEWS_FIELD_NUM_LINK_LABEL"
                        description="MOD_JVLATEST_NEWS_FIELD_NUM_LINK_DESC" />
                  <field
                        name="columns"
                        type="text"
                        default="1"
                        label="MOD_JVLATEST_NEWS_FIELD_COLUMNS_LABEL"
                        description="MOD_JVLATEST_NEWS_FIELD_COLUMNS_DESC" />
                <field default="Content" type="spacer2"/>
              
                
                <field
                    name="type_content"
                    type="radio"
                    default="0"
                    class="btn-group"
                    label="MOD_JVLATEST_NEWS_TYPE_CONTENT_LABEL"
                    description="MOD_JVLATEST_NEWS_TYPE_CONTENT_DESC" >
                    <option value="0">Featured and Article</option>
                    <option value="1">Featured Only</option>
                    <option value="2">Article Only</option>
                </field>
               <field
                    name="show_title_intro"
                    type="radio"
                    class="btn-group"
                    default="1"
                    label="Show title intro"
                    description="Show title intro" >
                    <option value="0">JNO</option>
                    <option value="1">JYES</option>
            </field>
			
               <field
                    name="title_link_intro"
                    type="radio"
                    class="btn-group"
                    default="1"
                    label="MOD_JVLATEST_NEWS_FIELD_TITLE_LINK_LABEL"
                    description="MOD_JVLATEST_NEWS_FIELD_TITLE_LINK_DESC" >
                    <option value="0">JNO</option>
                    <option value="1">JYES</option>
            </field>			
                  <field
                        name="show_intro_date"
                        type="radio"
                        class="btn-group"
                        default="1"
                        label="MOD_JVLATEST_NEWS_FIELD_SHOW_DATE_LABEL"
                        description="MOD_JVLATEST_NEWS_FIELD_SHOW_DATE_DESC" >
                        <option value="0">JNO</option>
                        <option value="1">JYES</option>                
                </field>

               
                <field
                        name="show_intro_author"
                        type="radio"
                        class="btn-group"
                        default="1"
                        label="MOD_JVLATEST_NEWS_FIELD_SHOW_AUTHOR_LABEL"
                        description="MOD_JVLATEST_NEWS_FIELD_SHOW_AUTHOR_DESC" >

                        <option value="0">JNO</option>
                        <option value="1">JYES</option>                
                </field>
               
                <field
                        name="show_readmore_intro"
                        type="radio"
                        class="btn-group"
                        default="1"
                        label="MOD_JVLATEST_NEWS_FIELD_SHOW_READMORE_LABEL"
                        description="MOD_JVLATEST_NEWS_FIELD_SHOW_READMORE_DESC" >

                        <option value="0">JNO</option>
                        <option value="1">JYES</option>
                </field>   
                <field
                        name="show_link_all"
                        type="radio"
                        class="btn-group"
                        default="0"
                        label="MOD_JVLATEST_NEWS_FIELD_SHOW_LINK_ALL_LABEL"
                        description="MOD_JVLATEST_NEWS_FIELD_SHOW_LINK_ALL_DESC" >

                        <option value="0">JNO</option>
                        <option value="1">JYES</option>
                </field>  
                <field
                    name="orderby_sec"
                    type="list"
                    default="published"
                    label="MOD_JVLATEST_NEWS_FIELD_ORDERING_LABEL"
                    description="MOD_JVLATEST_NEWS_FIELD_ORDERING_DESC">
                    <option value="">Default</option>
                    <option value="rdate">JGLOBAL_MOST_RECENT_FIRST</option>
                    <option value="date">JGLOBAL_OLDEST_FIRST</option>
                    <option value="alpha">JGLOBAL_TITLE_ALPHABETICAL</option>
                    <option value="ralpha">JGLOBAL_TITLE_REVERSE_ALPHABETICAL</option>
                    <option value="author">JGLOBAL_AUTHOR_ALPHABETICAL</option>
                    <option value="rauthor">JGLOBAL_AUTHOR_REVERSE_ALPHABETICAL</option>
                    <option value="hits">JGLOBAL_MOST_HITS</option>
                    <option value="rhits">JGLOBAL_LEAST_HITS</option>
                    <option value="order">JGLOBAL_ORDERING</option>
                    <option value="random">MOD_JVLATEST_NEWS_FIELD_ORDER_OPTION_RANDOM</option>
                </field>
				
			
                <field
                        name="show_tag"
                        type="radio"
                        class="btn-group"
                        default="0"
                        label="Show Tags (Only K2)"
                        description="Show Tags (Only K2)" >
                        <option value="0">JNO</option>
                        <option value="1">JYES</option>
                </field>  
                                        	
				
                <field
                        name="show_content_intro"
                        type="radio"
                        class="btn-group"
                        default="1"
                        label="Show Content Intro"
                        description="Show Content Intro" >
                        <option value="0">JNO</option>
                        <option value="1">JYES</option>
                </field>  
				
                <field
                    name="cut_intro"
                    type="text"
                    default="150"
                    label="MOD_JVLATEST_NEWS_FIELD_MAXCHARS_LABEL"
                    description="MOD_JVLATEST_NEWS_FIELD_MAXCHARS_DESC" />
                <field
                    name="readmore_text"
                    type="text"
                    default=""
                    label="MOD_JVLATEST_NEWS_FIELD_READMORE_LABEL"
                    description="MOD_JVLATEST_NEWS_FIELD_READMORE_DESC" /> 
             
                <field default="Thumnail" type="spacer2"/>	
        		<field
        			name="intro_thumbnail"
        			type="radio"
                                class="btn-group"
        			default="resize"
        			label="MOD_JVLATEST_NEWS_FIELD_THUMBNAIL_LABEL"
        			description="MOD_JVLATEST_NEWS_FIELD_THUMBNAIL_DESC" >
        			
        			<option value="0">JNO</option>
                                <option value="resize">Resize</option>
                                <option value="crop">Crop</option>	
                                <option value="original">Original</option>	
        		</field>
                
				<field
        			name="intro_thumbnail_align"
        			type="radio"
                                class="btn-group"
        			default="none"
        			label="Align Thumbnail"
        			description="Align Thumbnail" >
        			
        			<option value="none">None</option>
        			<option value="left">Left</option> 
                                <option value="right">Right</option>                       
        		</field>
				
				
				
                <field
        			name="intro_thumbnail_position"
        			type="radio"
                                class="btn-group"
        			default="before"
        			label="MOD_JVLATEST_NEWS_FIELD_THUMBNAIL_POSITION_LABEL"
        			description="MOD_JVLATEST_NEWS_FIELD_THUMBNAIL_POSITION_DESC" >
        			
        			<option value="before">Before title</option>
        			<option value="after">After title</option> 
                                <option value="inside">Inside content</option> 
                                <option value="aftercontent">After content</option>                        
        		</field>
                
             
        		<field
        			name="intro_thumbnail_width"
        			type="text"
        			default="100"
        			label="MOD_JVLATEST_NEWS_FIELD_THUMBNAIL_WIDTH_LABEL"
        			description="MOD_JVLATEST_NEWS_FIELD_THUMBNAIL_WIDTH_DESC" />
        		
        		<field
        			name="intro_thumbnail_height"
        			type="text"
        			default="100"
        			label="MOD_JVLATEST_NEWS_FIELD_THUMBNAIL_HEIGHT_LABEL"
        			description="MOD_JVLATEST_NEWS_FIELD_THUMBNAIL_HEIGHT_DESC" />
        		
        		
 		     </fieldset>
                     

    <fieldset label="Specific Article Setting" name="article" >
                <field
                    addfieldpath="/modules/mod_jvlatest_news/fields"
                    name="sp_article_0"			
                    type="jvlnmarticle"
                    class="sp_article"
                    label="MOD_JVLATEST_NEWS_FIELD_ARTICLE_LABEL"
                    description="MOD_JVLATEST_NEWS_FIELD_ARTICLE_DESC" />



             </fieldset>
             
              
           <fieldset name="k2item" label="Specific K2 Item Setting" addfieldpath="/administrator/components/com_k2/elements/">
                <field name="item" type="item" default="" label="MOD_JVLATEST_NEWS_K2_ADD_ITEMS" description="MOD_JVLATEST_NEWS_K2_USE_THIS_TO_ADD_ITEMS_TO_THE_LIST_BELOW"/>
                <field name="items" type="items" default="" label="MOD_JVLATEST_NEWS_K2_DRAG_AND_DROP_TO_REORDER_ITEMS" description="MOD_JVLATEST_NEWS_K2_DRAG_AND_DROP_TO_REORDER_ITEMS_CLICK_THE_REMOVE_ICON_TO_REMOVE_AN_ITEM_FROM_THE_LIST"/>
            </fieldset>
           
             
             <fieldset name="pagination" label="Pagination Setting">   
                <field
                	name="show_paging"
                	type="radio"
                        class="btn-group"
                	default="1"
                	label="MOD_JVLATEST_NEWS_FIELD_PAGING_LABEL"
                	description="MOD_JVLATEST_NEWS_FIELD_PAGING_DESC" >
                	
                	<option value="0">JNO</option>
                	<option value="1">JYES</option>		
                </field>
              
                <field name="auto" type="radio" 
                class="btn-group"
                default="0" label="JVTABS_PARAM_AUTO" description="JVTABS_PARAM_AUTO_DESC">
        			<option value="0">No</option>
                    <option value="1">Yes</option>    
        		</field>
               
            </fieldset>
            
            
            
        </fields>
    </config>   
</extension>
