<?xml version="1.0" encoding="utf-8"?>
<extension type="component" version="2.5" method="upgrade">
    <name>com_jkcustomfields</name>
    <author>PHPKungfu! Project</author>
    <creationDate>May 2014</creationDate>
    <copyright>Copyright (C) PHPKungfu. All rights reserved</copyright>
    <license>http://www.gnu.org/licenseses/gpl-2.0.html GNU/GPL or later</license>
    <authorEmail>info@phpkungfu.club</authorEmail>
    <authorUrl>www.phpkungfu.club</authorUrl>
    <version>1.0.0</version>
	<description>JK Customfields</description>
    
    <install> <!-- Runs on install -->
        <sql>
            <file driver="mysql" charset="utf8">sql/install.mysql.utf8.sql</file>
        </sql>
    </install>
    <uninstall> <!-- Runs on uninstall -->
        <sql>
            <file driver="mysql" charset="utf8">sql/uninstall.mysql.utf8.sql</file>
        </sql>
    </uninstall>

    <files folder="site">
        <filename>index.html</filename>
    </files>
    
	<languages folder="languages/site">
		<language tag="en-GB">en-GB/en-GB.com_jkcustomfields.ini</language>
    </languages>
	
    <administration>
        <menu>COM_JKCUSTOMFIELDS</menu>
		
        <files folder="admin">
            <filename>access.xml</filename>
            <filename>config.xml</filename>
            <filename>controller.php</filename>
            <filename>index.html</filename>
            <filename>jkcustomfields.php</filename>
            <folder>controllers</folder>
            <folder>assets</folder>
            <folder>helpers</folder> 
            <folder>models</folder>
            <folder>sql</folder>
            <folder>tables</folder>
            <folder>views</folder>
        </files>
		
        <languages folder="languages/administrator">            
			<language tag="en-GB">en-GB/en-GB.com_jkcustomfields.ini</language>
			<language tag="en-GB">en-GB/en-GB.com_jkcustomfields.sys.ini</language>
        </languages>
    </administration>

</extension>
<!-- Component built by the Joomla Component Creator -->
<!-- http://www.component-creator.com/ -->
